<?xml version="1.0" encoding="utf-8"?>
<extension type="module" client="administrator" version="2.5.0" position="cpanel" method="upgrade">
	<name>RSFirewall! Control Panel Module</name>
	<creationDate>October 2012</creationDate>
	<author>RSJoomla!</author>
	<copyright>(C) 2009 - 2020 www.rsjoomla.com</copyright>
	<license>http://www.gnu.org/copyleft/gpl.html GNU/GPL</license> 
	<authorEmail>support@rsjoomla.com</authorEmail>
	<authorUrl>www.rsjoomla.com</authorUrl>
	<version>1.4.0</version>
	<description>MOD_RSFIREWALL_DESC</description>

	<media destination="mod_rsfirewall" folder="media">
		<folder>css</folder>
		<folder>js</folder>
		<filename>index.html</filename>
	</media>

	<languages folder="language">
		<language tag="en-GB">en-GB/en-GB.mod_rsfirewall.sys.ini</language>
		<language tag="en-GB">en-GB/en-GB.mod_rsfirewall.ini</language>
	</languages>
	<files>
		<folder>tmpl</folder>
		<filename module="mod_rsfirewall">mod_rsfirewall.php</filename>
		<filename>mod_rsfirewall.xml</filename>
		<filename>index.html</filename>
	</files>
</extension>
