<?xml version="1.0" encoding="utf-8"?>
<extension version="2.5.0" type="plugin" group="system" method="upgrade">
	<name>System - RSFirewall! Active Scanner</name>
	<creationDate>October 2012</creationDate>
	<author>RSJoomla!</author>
	<copyright>(C) 2009 - 2020 www.rsjoomla.com</copyright>
	<license>GNU General Public License version 2 or later</license>
	<authorEmail>support@rsjoomla.com</authorEmail>
	<authorUrl>www.rsjoomla.com</authorUrl>
	<version>1.4.0</version>
	<description>PLG_SYSTEM_RSFIREWALL_DESC</description>
	<languages>
		<language tag="en-GB">language/en-GB/en-GB.plg_system_rsfirewall.sys.ini</language>
	</languages>
	<files>
		<filename plugin="rsfirewall">rsfirewall.php</filename>
		<filename>index.html</filename>
	</files>
</extension>